,Date,Content,Section
0,2010-11-10,Panel debate on Katine's development | Video,katine
1,2010-10-29,A word from our partners ... focusing on financial inclusion,katine
2,2010-10-29,The story of Katine: Water and sanitation,katine
3,2010-10-29,The story of Katine: education,katine
4,2010-10-29,The story of Katine: introduction,katine
5,2010-10-29,The story of Katine: health,katine
6,2010-10-29,The story of Katine: livelihoods | Anne Perkins,katine
7,2010-10-29,A word from our partners ... the NGO experience,katine
8,2010-10-29,An African journalist's story of Katine,katine
9,2010-10-29,The story of Katine: governance,katine
10,2010-10-29,The story of Katine: the conclusion,katine
11,2010-10-29,An anthropologist's story of Katine | Ben Jones,katine
12,2010-10-29,Katine through the years,katine
13,2010-10-29,Ugandan project that has brought clear changes to everyone,katine
14,2010-10-29,"Verdicts on Katine: elder, midwife, councillor and well chairman",katine
15,2010-10-29,Video: 'I want my son to become a doctor',katine
16,2010-10-28,Three years on: no easy answers to poor health in Katine,katine
17,2010-10-28,Amref tightens up monitoring after lapse over Katine wells,katine
18,2010-10-26,Katine's young artists,katine
19,2010-10-22,"Verdicts on Katine: the farmer, the priest and the pharmacist",katine
20,2010-10-14,Joy erupts as Katine residents finally receive cash to replace stolen savings,katine
21,2010-10-13,Three years on: tough times for Katine's trainee mechanic,katine
22,2010-10-11,Water tank fails again at Katine health centre,katine
23,2010-10-08,Katine health dispute - an end in sight?,katine
24,2010-10-07,Defilement crime on the rise in Uganda,katine
25,2010-10-04,Rain at last in Katine - but harvesting the water is a problem,katine
26,2010-10-01,Katine's community schools hit as seconded teachers are recalled | Joseph Malinga,katine
27,2010-09-30,Katine schools struggling to improve standards despite investment | Joseph Malinga,katine
28,2010-09-24,Three women of Katine,katine
29,2010-09-22,Katine offers blood tests but it's still in the hunt for a doctor,katine
30,2010-09-16,Uganda deals blow to community schools,katine
31,2010-09-14,Katine victims dare to dream again,katine
32,2010-09-13,Poverty cuts down chances of Katine baby's heart op,katine
33,2010-09-10,Built for business - arterial road turns lives around in rural Uganda,katine
34,2010-09-09,Vote rigging and violence in primary elections sets worrying trend in Uganda,katine
35,2010-09-01,A new admin district in Uganda raises people's hopes but there's a catch,katine
36,2010-08-31,Video: Juliet's story: child soldier to global campaigner,katine
37,2010-08-27,Early election fever grips Katine,katine
38,2010-08-26,"Safe, clean drinking water across Katine remains an elusive goal",katine
39,2010-08-24,Katine 'ideal home' winner sets hygiene standards in Uganda,katine
40,2010-08-23,Village savings schemes in Uganda train up to counter theft,katine
41,2010-08-20,Katine birth attendant demands recognition after service is axed,katine
42,2010-08-19,Katine counts mounting cost of strike,katine
43,2010-08-17,New Katine project manager aims to raise pace of change,katine
44,2010-08-13,Life after retirement in Uganda,katine
45,2010-08-11,Administration dispute threatens school performance in Katine,katine
46,2010-08-09,Who should regulate Africa's non-government agencies?,katine
47,2010-08-09,Who should regulate Africa's non-government agencies?,katine
48,2010-08-06,Ugandans make their mark in Sheffield,katine
49,2010-08-04,Links between health and farming have to be acted on before it's too late,katine
50,2010-08-02,Katine HIV group demands its fair share of government aid,katine
51,2010-07-30,How to counter rape as a weapon of war,katine
52,2010-07-29,Katine project makes steady progress despite hiccups,katine
53,2010-07-28,Safety and security top agenda at African Union summit,katine
54,2010-07-26,Aid agencies in Africa: applaud achievers but keep wannabees in check,katine
55,2010-07-23,Ugandan farmers on road to 'remarkable' recovery after rebel war,katine
56,2010-07-22,About the Katine art project,katine
57,2010-07-22,Sketching plans for Katine's art project,katine
58,2010-07-21,Katine 'on track towards food security',katine
59,2010-07-19,Vienna Aids conference: Katine's perspective,katine
60,2010-07-16,Uganda warned it was at risk of terrorist attack,katine
61,2010-07-15,Katine 09: After the Cranes left,katine
62,2010-07-13,'Terrorism was not really part of the landscape in Uganda',katine
63,2010-07-12,Amref's balancing act in Katine,katine
64,2010-07-08,Ending war for children,katine
65,2010-07-07,Katine farmers struggle to implement new techniques,katine
66,2010-07-06,British Council donates seedlings to Katine school,katine
67,2010-07-05,GNM shares Coffey award for Katine partnership,katine
68,2010-07-05,Malaria still major problem in Katine,katine
69,2010-07-02,Tweet for a better world – the role of technology in development,katine
70,2010-07-01,Ethan Zuckerman: The voiceless have a voice – we need to listen,katine
71,2010-06-30,Two events set to look at rising use of technology in Africa,katine
72,2010-06-30,Traditional birth attendants show no sign of abandoning their work in Katine,katine
73,2010-06-28,Work stalls on latrine at Katine primary school,katine
74,2010-06-25,'In Uganda the big problem is corruption',katine
75,2010-06-25,G8: Ugandan farmers need access to markets,katine
76,2010-06-25,G8: Market prices too high for people living in rural Uganda,katine
77,2010-06-24,Empowering the mothers of Africa,katine
78,2010-06-23,Katine villagers to benefit from extra borehole,katine
79,2010-06-22,Amref appoints new staff in Katine,katine
80,2010-06-21,How can African agriculture be more productive?,katine
81,2010-06-18,Report questions focus of DfID spending on education,katine
82,2010-06-17,Safe water arrives in Katine village,katine
83,2010-06-16,Manifesto calls for re-think on how we tackle poverty,katine
84,2010-06-15,Andrew Mitchell urged to support poor farmers,katine
85,2010-06-14,Ugandan primary teachers promised pay rise in budget,katine
86,2010-06-11,Heavy rains destroy Katine health centre water tank,katine
87,2010-06-10,Child labour: Protecting the rights of the child,katine
88,2010-06-09,Katine farmers consider establishing a cooperative,katine
89,2010-06-08,Global index finds world has become less peaceful,katine
90,2010-06-07,Animal clinic and drug store opens in Katine,katine
91,2010-06-04,Who is to blame for poverty in Africa?,katine
92,2010-06-03,DfID announces new aid watchdog,katine
93,2010-06-03,How telecommunications are revolutionising east Africa,katine
94,2010-06-02,Katine produce store nears completion,katine
95,2010-06-01,Amref asked to drop health centre water pump plans in Katine,katine
96,2010-05-31,Disruption threat to ICC conference in Uganda,katine
97,2010-05-28,UN launches advert competition to promote MDGs,katine
98,2010-05-27,Katine youth group receives oxen,katine
99,2010-05-21,Does US food security strategy go far enough?,katine
100,2010-05-20,DfID to spend £2.95m on contraceptives for Uganda,katine
101,2010-05-18,Eight killed in Uganda landslides,katine
102,2010-05-17,Andrew Mitchell axes development awareness projects,katine
103,2010-05-17,Health minister blames unskilled medics for high maternal death rate in Uganda,katine
104,2010-05-13,Andrew Mitchell takes up post as international development secretary,katine
105,2010-05-12,'Volunteerism built on altruism is not sustainable in  Africa's health sectors',katine
106,2010-05-11,FAO wants you to get angry about extreme hunger,katine
107,2010-05-11,Katine farmers face delay in seed handout,katine
108,2010-05-10,Uganda film festival provokes maternal health debate,katine
109,2010-05-07,Ugandan government seeks end to decentralisation of healthcare,katine
110,2010-05-04,Malawi president calls for greater cooperation in Africa to improve food security,katine
111,2010-05-03,Laboratory equipment missing from Katine health centre,katine
112,2010-04-30,Corruption 'could derail Uganda's development plan',katine
113,2010-04-28,Another lesson in bureaucracy for Katine schools,katine
114,2010-04-27,Do we need a new qualification for NGO managers?,katine
115,2010-04-22,Artists and musicians join fight against corruption in Uganda,katine
116,2010-04-20,Uganda launches national development plan,katine
117,2010-04-19,Further arrest made over VSLA machete attack in Katine,katine
118,2010-04-16,Growing old in Uganda,katine
119,2010-04-16,Amref's Katine project manager leaves post,katine
120,2010-04-15,Sir Gordon Conway: The challenges of achieving a green revolution in Africa,katine
121,2010-04-14,Ugandan schools taught puppetry to improve education,katine
122,2010-04-13,Global health worker shortage 'jeopardising' development goals,katine
123,2010-04-08,Katine school pupils receive blog training,katine
124,2010-04-07,Katine's top school pupil gets scholarship,katine
125,2010-04-05,Fruit trees planted around Katine schools,katine
126,2010-04-01,Are Katine residents too reliant on handouts?,katine
127,2010-03-31,MPs call for 'urgent' review of education system in Uganda,katine
128,2010-03-30,Should Uganda ban traditional birth attendants?,katine
129,2010-03-29,Katine VHTs strike over withdrawal of training allowances,katine
130,2010-03-26,How should development be carried out in 'fragile states'?,katine
131,2010-03-25,Pfizer and GlaxoSmithKline in deal to supply low-cost vaccines,katine
132,2010-03-23,Should Uganda be tackling cancer?Should Uganda be tackling cancer?,katine
133,2010-03-22,Vulnerable Katine residents receive jars to harvest rainwater,katine
134,2010-03-18,Ugandan domestic violence bill stalls,katine
135,2010-03-17,Fears of further food price rises in east Africa,katine
136,2010-03-16,Katine girls receive bursaries to study at secondary school,katine
137,2010-03-16,"Live online: Michael Moore, Liberal Democrat spokesman on international development",katine
138,2010-03-15,Guardian health editor wins award for Katine coverage,katine
139,2010-03-15,Less than half of Katine women give birth in health centre,katine
140,2010-03-12,What are the Liberal Democrats' policies on aid and development?,katine
141,2010-03-10,Funding 'a barrier' to good education for Katine children with special needs,katine
142,2010-03-08,'Women in Katine have no idea what this day means',katine
143,2010-03-05,Katine farmers research ways to improve crop yields,katine
144,2010-03-04,Donors threaten to cut aid to Uganda over corruption,katine
145,2010-03-02,Up to 350 feared dead in Uganda landslide,katine
146,2010-03-01,The rights approach to development,katine
147,2010-02-26,Talks on improving fruit production in Uganda begin,katine
148,2010-02-25,Village savings group resumes after attack on treasurer,katine
149,2010-02-24,Forty eight more farmers groups set up in Katine,katine
150,2010-02-23,Lack of transparency undermining primary education in Africa,katine
151,2010-02-22,Calls for Katine men to take more interest in family planning,katine
152,2010-02-18,FAO database exposes land rights gender gap,katine
153,2010-02-17,A partnership approach to improving water coverage in Katine,katine
154,2010-02-12,Unhealthy returns,katine
155,2010-02-04,Katine health centre gets solar power,katine
156,2010-02-02,US presses Uganda for 'better organised' 2011 election,katine
157,2010-01-29,DfID 'not neglecting agriculture',katine
158,2010-01-29,Online chat enthuses Katine residents,katine
159,2010-01-28,Calls for DfID to increase agriculture spending to 10%,katine
160,2010-01-27,An evening with Dambisa Moyo,katine
161,2010-01-26,Connecting Classrooms update,katine
162,2010-01-22,Ugandan fruit farmers get boost from Bill Gates and Coca-Cola partnership,katine
163,2010-01-19,New book outlines role science plays in tackling poverty,katine
164,2010-01-15,Government reps to meet to discuss Teso fruit factory,katine
165,2010-01-14,Are mobile phones Africa's silver bullet?,katine
166,2010-01-12,Repairs carried out on storm-damaged Katine health centre,katine
167,2010-01-11,Nusaf: Developing northern Uganda,katine
168,2010-01-08,Plans stall on Teso fruit factory,katine
169,2010-01-06,Ugandan police block political protest,katine
170,2010-01-05,Disabled people in Katine targeted in HIV/Aids awareness campaign,katine
171,2010-01-04,Katine: A review of the year,katine
172,2010-01-04,Katine: A year in pictures,katine
173,2013-11-29,Uganda: Meet the residents of Katine,katine
174,2013-11-14,Reviewing Katine,katine
175,2013-11-14,Katine 09 football tournament - fixtures and results,katine
176,2013-11-14,Katine keywords,katine
177,2013-11-14,Amref's annual report - 2008-09,katine
178,2015-09-06,Playlists to live by: musicians choose soundtracks to their favourite pastimes,katine
